OrgName,OrgWebSite,OrgEmail,lat,lon
Juniper Park Civic Association,junipercivic.com,Info@junipercivic.com,-73.88012859167569,40.718203738022986
Narrows Botanical Garden,narrows bg.org,,-74.03676164565752,40.637229159846044
Lower Raritan Watershed Partnership,lowerraritanwatershed.org,hfenyk@lowerraritanwatershed.org,-74.45184842317894,40.48614700404002
Waterfront Alliance,waterfrontalliance.org,info@waterfrontalliance.or,-74.00316125239276,40.70743354495228
Baldwin Learning Center (BLC) Coalition,wittseminar.blogspot.com,raypultinas@gmail.com,-73.88740557942356,40.88131570680416
North Pacific Garden,,,-73.9821291604874,40.685262548020496
Green Park Gardeners NY,,greenparkgardenersnyc@gmail.com,-73.95739856389679,40.759631732646554
Friends of Arverne,friendsofarverne.org,info@friendsofarverne.org,-73.79778862589237,40.59264175990869
Green Map NYC,GreenMapNYC.org,apple@greenmap.org,-73.97976855935107,40.721131740735316
Montefiore Park Neighborhood Association,montrfiorepark.org,Montefiorepark137@gmail.com,-73.95423856143812,40.82096172053321
Fifth Street Farm,5thstreetfarm.org,fanderson@5thstreetfarm.org,-73.98164855890714,40.724011740197234
Gotham Coyote Project,gothamcoyote.com,,-73.97393855799025,40.781511728857346
Kelly Street Garden,facebook.com/kellyst.garden/,kellystgreen@gmail.com,-73.89597857976163,40.82031171844261
Gotham Whale,gothamwhale.org,,-74.07603353395453,40.64167176027715
The South Bronx Overall Econonomic Development Corp (SoBRO),sobro.org,ddavis@sobro.org,-73.91668857343224,40.815749720669416
Jewish Community Center of Staten Island,,,-74.12525852016499,40.5951377706487
Garden Kitchen Lab,gardenkitchenlab.wordpress.com,Fabiola.Caceres.us@gmail.com,-73.93486857646405,40.67347174886296
Guardians of Flushing Bay,,guardiansofflushingbay@gmail.com,-73.95402856407703,40.787169727025585
Jardin la Roca,,Tlggc1998@yahoo.com,-73.91337857416617,40.823321718318724
Flatbush Development Corporation (FDC),fdconline.org,,-73.96227857015782,40.6360157568653
Flushing CSA,flushingcsa.com,flushingcsa@gmail.com,-73.83042860528847,40.760169728126634
Beverley Square East,,,-73.96292856919791,40.643571755490626
Staten Island MakerSpace,makerspace.ny,info@simakerspace.com,-74.0741585349366,40.626771762933664
Mama Dee's Garden,facebook.com/MaMaDeesGarden/,mama-dees@googlegroups.com,-74.00382855064049,40.744311737024816
Community Food Action at New Settlement Apartments,,j.podulka@newsettlement.org,-73.91500857329544,40.842326715011836
P.S. 154x Jonathan D. Hyatt School Garden,,kbrown@jdhyatt.org,-73.9263385707698,40.80809172192723
Passaic River Boat Club,passaicriverboatclub.com,,-74.18508848605434,40.83623172535509
Project TRUE,bronxzoo.com/teens/project-true/,ProjectTRUE@wcs.org,-73.88159858279164,40.853511711350485
100 Block Association of West 119th Street,west119street.org/,west119@googlegroups.com,-73.94977856386247,40.804568723267536
Family2Family Healthy Eating Community Gardening & Let's Move Seniors Exercise Project,,thisisjewels@aol.com,-73.91945857071144,40.853451712723675
Kiddie Science,KiddieScience.org,KiddieScience@gmail.com,-73.95340857147762,40.65966175187458
Lesskillsanddrills,,,-73.98610855716169,40.72073674095238
Q Gardens,qgardens.org,qgardensinfo@gmail.com,-73.96335856864506,40.65082875416661
Eastchester Gardens Resident Association,eastchestergardens.net.,eastchestergrc@verizon.net,-73.85458859090532,40.86963570737533
Earth Citizens Club at Ehrenreich-Austin Playground,,amy.long@earthcitizens.org,-73.84246860300492,40.71954173677125
Hindu Temple Society of North America,Ny ganeshtempl,Hbangera@hotmail.com,-73.81112861163092,40.74195373145158
PLG CSA,plgcsa.org,board@plgcsa.org,-73.95214857148034,40.663027751896955
Lower Raritan Watershed Partnership,lowerraritanwatershed.org,hfenyk@lowerraritanwatershed.org,-74.42671144854114,40.47653553674427
North Pacific Garden,,,-73.98222353069599,40.685128988300406
Harlem Rose Garden,,harlem-rose-garden@googlegroups.com,-73.94032856724745,40.80890572265565
The Masters of Succession Collective,moscollective.ne,,-73.98005855943987,40.72749173941991
New Settlement-Bronx Helpers,N/A,bronxhelpers@newsettlement.org,-73.91500857329544,40.842326715011836
West Cunningham Park Civic Association,,wcpca@aol.com,-73.87096859383973,40.737401734236556
Berry St. Garden,,,-73.96330856538465,40.71370674212664
Friends of Forest Park,friendsofforestpark.com,FriendsOfForestPark@yahoo.com,-73.8361886068824,40.70542873908997
Concrete Safaris,concretesafaris.org,info @ concretesafaris.org,-73.9418085665327,40.79779172496085
"Fred Samuel Resident Association, Inc.",,,-73.93841856670952,40.82046171992677
Girl Scout of Greater NY,Girlscoutofgresterny.co,,-74.00980855048796,40.70658474499694
Flowers of Hope NY,,narcisa62@aol.com,-73.7320786420622,40.66061174465899
The Brotherhood/ Sister Sol,brotherhood-sistersol.org,info@brotherhood-sistersol.org,-73.9492885629657,40.824229719594506
East New York 4 Garden,N/A,N/A,-73.87295859693383,40.66822174771326
West 88th St. Tree Project,,mine,-73.96906855847085,40.78686172748473
Rock 'n Renew,rocknrenew.com,jonny@rocknrenew.com,-73.41793871680896,41.09899464811466
Earth to City,eatthtocity.org,,-83.92662596175207,33.87540351952733
Grasmere Civic Association,N/A,Frank632@verizon.net,-74.08388853291837,40.60000576858718
Friends of Mosholu Parkland,mosholuparkland.wixsite.com/mosholu,mosholuparkland@gmail.com,-73.88424858037813,40.87499170767021
Friends of West 95th Street,sites.google.com/site/fow95street/,fow95street@gmail.com,-73.96572855933503,40.79123172660938
Snug  Harbor Cultural Center  & Botanical Garden,snug-harbor.org/education,education@snug-harbor.org,-74.06293854031352,40.59567176890131
Riverside Park Conservancy,riversideparknyc.org/,grassroots@riversideparknyc.org,-73.96437855847687,40.81077172296979
Roosevelt Island Historical Society,rihs.us,rooseveltislandhistory@gmail.com,-74.01976854882747,40.68941774826836
Greene Ave. Block Garden,,,-73.91507858092558,40.70252974243872
Coney Island Brighton Beach Open Water Swimmers,cibbows.org,,-74.01085855861852,40.57762177063392
Guild for Exceptional Children,gecbklyn.org,winefolk@2sprintmail.com,-74.02671854999662,40.63696575923933
27 Street Block Association,,Bdentz@gmail.com,-73.99818855759536,40.65876675426146
Girl Scout Troop 2337,girlscoutsnyc.org,zoodraw@aol.com,-73.96998856374155,40.69383974584392
Napela Inc,napelaNYC.org,adama@napelanyc.org,-74.11622852033541,40.63550876295398
La Casita Verde,lacasitaverde.nyc,,-73.96475856507948,40.70734674354697
Our Lady of Mercy Catholic Academy Garden Club,,,-73.85115860094297,40.71401873837775
The Academy of the Arts PS 335,,,-73.89893857949957,40.82036171858524
Downtown Brooklyn Waterfront Associstion,,,-73.98954855723639,40.703349744781704
East Side Outside Community Garden,reclaimedorganics.org/garden,eastsideoutsidegarden@gmail.com,-73.98329855740995,40.729926739245904
Stormwater Infrastructure Matters  (SWIM) Coalition,swimmablenyc.org,swimmablenyc@gmail.com,-74.00480855136674,40.723591741440714
Girl Scout Troop 5527,,girlscouttroop5527@aol.com,-74.15918851194924,40.55977577893231
PS 13,,arinn@schools.nyc.gov,-73.86853859376525,40.73769673429938
Urban Meadow,facebook.com/urbanmeadow/,urbanmeadow@gmail.com,-74.003618553817,40.68378174890187
Friends of Corlears Hook Park,friendsofcorlears.org,contact@friendsofcorlears.org,-73.97907855964108,40.71367574293222
Urban Workshop NYC,urbanworkshopnyc.org,info@urbanworkshopnyc.org,-73.94869857018682,40.710101741961246
American Littoral Society - Northeast Chapter,littoralsociety.org,don@littoralsociety.org,-73.82080861744501,40.60719175783442
Science and Resilience Institute at Jamaica Bay,srijb.org,info@srijb.org,-73.95270857371642,40.63194575778972
"The E.49th & E.48th Street Block Association of Lenox, Linden, Clarkson & Schenectady",The E.49th Street Block Association,,-73.93182857897747,40.65566975253447
Halsey Patchen Ralph Block Association,,,-73.92534857959625,40.6846017464372
El Puente/ Friends of Hope,elpuente.us,,-73.92025858012877,40.69531174370558
Friends of Thomas Greene Park,friendsofthomasgreenepark.org; atlanticave.org; atlanticavebid.org,,-73.9720785638105,40.687483747342114
Pioneer Works,pioneerworks.org,garden@pioneerworks.org,-74.01173855112775,40.67936175032741
"Community, Counseling, and Mediation/ Georgia's Place",,georgiasplace@ccmnyc.org,-73.95387856990564,40.67454474912103
Stewards of Henry Hudson Park,stewardsofhenryhudson.org,mwmason@optimum.net,-73.92020856917152,40.88281170754546
Friends of + POOL,pluspool.org,info@pluspool.org,-74.00019855356538,40.718169742232575
Garden Club of City Island,,gardenclubofcityisland@gmail.com,-73.78796861313965,40.849571709517356
Friends of the Woodhaven  Library,Friendofthewoodhavenlibrary,contact through facebook,-73.86161859943687,40.69416774187709
Curtis High School,CurtisHS.org,,-74.08118853105644,40.644736759374524
Little Friends School Elmhurst,elmhurstdaycare.com,littlefriendsschool@nyc.rr.com,-73.88070859004004,40.74530773292534
Brooklyn Kayak Guides,brooklynkayakguides.com,N/A,-73.9926785575083,40.682771749405866
PS 11 Programs,ps11programs.com,ps11programs@aol.com,-74.00009855092898,40.744269737247876
Jackson-Forest Community Gardeners,,sekpeace@verizon.net,-73.90286857762744,40.82822771699402
The Queen Elizabeth II September 11th Garden,queenelizabethgarden.org/,friends@queenelizabethgarden.org,-74.00945855066858,40.70455874550081
Peaceful Valley Community Garden,,peacefulvalley117@gmail.com,-73.94441856615416,40.80053672382909
"Environmental Science, Baruch College Department of Natural Sciences",baruch.cuny.edu/wsas/academics/natural_science/EnvironmentalScience.htm,stephen.gosnell@baruch.cuny.edu,-73.98475855695105,40.73945973775349
The Boller Group,N/A,Smith-pet@live.com,-73.83681859501641,40.88347970458836
Hyde Park Community Garden,stjameshydepark.org,office@stjameshydepark.org,-73.93747850539276,41.806677530181034
Lotus Garden,thelotusgarden.org,info@thelotusgarden.org,-73.95262856327592,40.79829172525461
New York City Food Policy Center at Hunter College,nycfoodpolicy.org,info@nycfoodpolicy.org,-73.93863856833299,40.79985172447888
PS 220 Q,,,-73.85142859951115,40.73645173326663
Bailey's Cafe,baileyscafe.org,,-73.92884857833403,40.681777747293594
PC Relationship,,PCRelationship@gmail.com,-73.99990855812945,40.62691176017604
Davidson Ave. Community Garden,N/A,cheap42@hotmail.com,-73.90328857534521,40.861273711395015
PS110 Green Team,,,-73.97976855951131,40.71618974229761
AECOM Garden,N/A,aecomgarden@gmail.com,-73.84438859471409,40.85213171071043
The Fieldston Road Association,,,-73.90075857333674,40.903216702747855
Linden Houses Tenants Association,,,-73.88361859378578,40.657736750254784
North Brooklyn Farms,northbrooklynfarms.com,info@northbrooklynfarms.com,-73.96729856399708,40.7135957420559
P.S. 165 IDA POSNER SCHOOL,,,-73.9110585857575,40.657427750876955
Make the Road NY,Maketheroadny.org,,-73.91562858081932,40.69844774345174
Brook Park Chickens,brookparkchickens.blogspot.com,lily@lilykesselman.com,-73.92098857235216,40.80919172213089
"Udalls Cove Preservation Committee, Inc.",littleneck.net/udallscove,udallscove@aol.com,-73.73818863414404,40.77131972270405
Richmondtown & Clarke Ave. Civic Association,,,-74.13404851985977,40.56515777710075
182 Club,,brianfluffy8@aol.com,-73.92426857896648,40.69060174491716
Lower East Side Preservation Initiative,LESPI-nyc.org,info@LESPI-nyc.org,-73.98758855656827,40.730868739499826
9 St. & Ave. C Community Garden and Park,Facebook,,-73.98533855711938,40.734995738559675
Prospect Heights Street Tree Task Force of Brooklyn,facebook.com/search/top/?q=prospect%20heights%20street%20tree%20task%20force,phstreettrees@gmail.com,-73.96776856574603,40.67741674897224
"Long Island City Roots, Inc.",facebook.com/licrootsgarden,licrootsgarden@gmail.com,-73.93673857206085,40.74299173522529
Lydia's Magic Garden,,lmgarden@googlegroups.com,-73.94253856707726,40.80022772402177
PS 41 The Greenwich Village School,ps41.org,,-73.99867855291754,40.73553773872712
East 93rd Street Block and Neighborhood Association,facebook.com/east93blockassoc,Mail@east93blockassoc.org,-73.94654856647081,40.78146672827854
Mullaly Bikepark,Mullalybikepark.org,ride@mullalybikepark.org,-73.92978857016158,40.810439722089995
Kips Bay Neighborhood Alliance,Facebook page,kbna.info@gmail.com,-73.97631855948724,40.74584473587562
ISLA,facebook.com/islastaten,islapartysi@gmail.com,-74.12792851776679,40.6186857665484
Pleasant Village Community Garden,sites.google.com/site/pleasantvillagecommunitygarden/,pleasantvillagegarden@gmail.com,-73.93177857069362,40.79664172470925
Girl Scout Troop 5179,,,-74.09102852897833,40.62728176354731
Friends of Amersfort Park,FriendsofAmersfortPark.weebly.com or Facebook (more recent),amersfortparkfriends@yahoo.com,-73.94482857580137,40.63016175735866
Vogue Community Garden,,,-73.9075185768762,40.8184417195241
MS 246 School Garden,,,-73.9528285722821,40.648665754365865
P811x Horticulture Club,,mazimi@schools.nyc.gov,-73.88748858266659,40.83061571660895
St. Paul's at Carroll Street - St. Francis Guild,stpaulscarrollst.org/about-us/,nfo@stpaulscarrollst.org,-73.99804855638716,40.68148174917142
Riverdale Neighborhood House,riverdaleonline.org,office@riverdaleonline.org,-73.90381857284638,40.90296170275276
368-429 Decatur St. Block Associaiton,decaturst.org,,-73.92656857825813,40.68224174675693
Espiritu Tierra,,,-73.92752857686476,40.70560774251735
Sims Municipal Recycling,simsmunicipal.com,sam.silver@simsmm.com,-74.00842855382687,40.662051753689205
Sixth Street Community Center,sixthstreetcenter.or,info@sixthstreetcenter.org,-73.98067855856304,40.72408174061836
"Harlem Grown, Inc.",HarlemGrown.org,info@harlemgrown.org,-73.94540256535763,40.80944172278021
Underwater New York,underwaternewyork.com,submissions@underwaternewyork.com,-73.98198856283219,40.657198754035406
Friends of Memorial Circle,,,-73.84430861151161,40.58147376404505
El Centro Del Inmigrante,elcentronyc.org/,info@elcentronyc.org,-74.13448851473767,40.63587176346736
SS Columbia Project,sscolumbia.org,contact@sscolumbia.org,-73.98759855672266,40.73087173965001
Taikoza,taikoza.com,taikoza@gmail.com,-73.91793857037801,40.870891709500896
Park Clinton Gardening Committee,,Parkclintongardeningcommittee@gmail.com,-73.99222855219658,40.7665167325173
Friends of Pier 35,,pier35nyc@gmail.com,-73.98980855718956,40.710131743423
Madison Square Park Conservancy,madisonsquarepark.org,info@madisonsquarepark.org,-73.98748855579439,40.74154173775398
CityScience,cityscience.org,info@cityscience.org,-73.98668855872992,40.70275474483772
City Parks Foundation Green Girls,cityparksfoundation.org,,-73.9518185641128,40.79327172609768
East New York Farms!,eastnewyorkfarms.org,info@eastnewyorkfarms.org,-73.88694859270524,40.66455374886825
Saint Nicholas Miracle Garden,stnicholasmiraclegarden.org/,stnickgarden@gmail.com,-73.94608856541103,40.803046723584266
Cub Scout Pack 37,pack37si.com,cubmaster.pack37@gmail.com,-74.15831851347349,40.54201178246273
Washington Square CSA,washingtonsquarecsa.com/,info@washingtonsquarecsa.com,-73.9875285566123,40.730086739185744
Brooklyn Alliance of Neighborhood Gardens (BANG) Land Trust,BANGLandTrust.org,banglandtrust@gmail.com,-73.9721485664342,40.64660575560299
The Horticultural Society of New York,thehort.org,info@thehort.org,-73.98822855467002,40.75245173479107
Warren St. Marks Community Garden,wsgarden.org,info@wsgarden.org,-73.97932856185548,40.68159174890695
Friends of Soundview Park,Facebook@soundviewpark,Friends.soundviewpark@gmail.com,-73.86818858840597,40.82960871583974
Jamaica Bay Ecowatcher,jamaicabayecowatchers.org,dmundy502@aol.com,-73.82156861737539,40.60314875858097
Tranquility Farm Garden Group,,enak.mcpherson@gmail.co,-73.94230857264364,40.69539174451971
Cornell University Cooperative Extension-NYC,nyc.cce.cornell.edu,,-73.9828885570823,40.747714735510534
Lakshmi Community Garden,facebook.com/LakshmiGarden/,,-73.95052856343945,40.80816972308172
Columbus Amsterdam BID,columbusamsterdambid.org,info@columbusamsterdambid.org,-73.96448855894283,40.80207372423862
Choosing Healthy and Active Lifestyles for Kids,nyp.org/CHALK,,-73.94172856411589,40.84189571597737
Friends of Sherman Creek Conservancy Inc.,friendsofshermancreekconservancy.webs.com,ofulcar@yahoo.com,-73.93599856566729,40.85172971387102
Brooklyn College Garden,,Bcgarden@brooklyn.cuny.edu,-73.95270857371642,40.63194575778972
El Puente,elpuente.us,,-73.95967856625678,40.71069174271719
Prospect Park Zoo,prospectparkzoo.com,,-73.96260856805303,40.66334475154216
Carpenter Avenue Community Garden,wakefieldthebronx.com,audreymcallister@msn.com,-73.85530858871097,40.90157670137392
"Magnolia Tree Earth Center of Bedford-Stuyvesant, Inc.",magnoliatreeearthcenter.org,jlnwolfinc@aol.com,-73.94676857202121,40.690411746247825
West 44th St. Better Block Association / Friends of Pier 84,west44nyc.com,west44nyc@gmail.com,-73.99301855268988,40.76029873411602
Astoria Park Alliance,astoriaparkalliance.org,getinvolved@astoriaparkalliance.org,-73.8845385886589,40.75092673156906
Prospect Park Alliance,prospectpark.org,info@prospectpark.org,-73.97487856384822,40.666991751214944
Sarah Lawrence College Center for the Urban River at Beczak,centerfortheurbanriver.org,rpalmer@sarahlawrence.edu,-73.90167857166654,40.937401695972724
Elizabeth Street Garden,elizabethstreetgarden.com,info@elizabethstreetgarden.com,-73.99433855492852,40.72228574109258
Empire Dragon Boat Team,Empire Dragon Boat Team NYC,empiredragonboat@googlegroup.com,-73.95406856302137,40.787196727306686
Boy Scout Troop,,,-73.96508856681703,40.684458747717784
"Coney Island Beautification Project, Inc.",,cibproject@aol.com,-73.99866856258018,40.57509577068641
Volunteer Gardeners of Village View,,N/A,-73.98545855709557,40.72608474065904
New York League of Conservation Voters,nylcv.org/,info@nylcv.org,-74.01126855031468,40.706151744676376
Washington Square Park (WSP) Eco Projects,wspecoprojects.org,wspecoprojects@gmail.com,-73.99730855376602,40.727231740119336
Public School 130,,,-73.90243857844456,40.81764871946689
Saner Living Neighborhood Association,,,-73.96504855844478,40.807621723269875
Cornelia St. Block Association,,youngquiroz@gmail.com,-73.91028858277075,40.695487743794786
Dunbar Garden Council,,,-73.93798856703552,40.82530871933917
St. Joseph's College Sustainability Committee,sjcny.edu,,-73.02389886250148,40.774638697751975
"Bronx Council on the Arts, Inc",bronxarts.org,bronxwriters@bronxarts.org,-73.85402859161373,40.84803171199884
4213 Village Corp,,,-73.99549855398261,40.73586973898865
Trees New York,treesny.org,info@treesny.org,-74.00414855198852,40.7102277439702
Association for Neighborhood & Housing Development (ANHD),anhd.org/,,-74.01147855008297,40.70556174534394
The Center for Urban Pedagogy,welcometocup.org,info@welcometocup.org,-73.98781856015505,40.67496475036625
MS158Q PTA,ms158q.com,info@ms158pta.com,-73.77286862312204,40.756181727014095
"Paracademia Center, Inc.",paracademia.org,info@paracademia.org,-73.95330856298904,40.80608672314533
Wellful Environment,wellfulenvironment.org,wellfulenvironment@gmail.com,-74.08823852950559,40.638289760981955
86th Street BID,86bid.org,,-74.03016854931215,40.61828976254437
Gowanus Canal Conservancy,gowanuscanalconservancy.org/ee/,info@gowanuscanalconservancy.org,-73.98742855969077,40.67912574985504
Foundation for Safe Boating and Marine Information,boatingandmarineinfo.org,Boatingsafety@renecote.com,-73.956268573858,40.598254764011955
Boadway Mall Association,broadwaymall.org,info@broadwaymall.org,-73.98180855465462,40.779341729693094
West 132nd St. Block Association,,,-73.9427785662603,40.81241972223004
Brooklyn Bridge Park Conservancy,brooklynbridgepark.org,info@brooklynbridgepark.org,-73.99913855457444,40.69405174726221
Chelsea Career and Technical Education High School,,,-74.00457855176323,40.72420774161874
City Growers,citygrowers.org,info@citygrowers.org,-73.9749085619699,40.69801674556052
Varied Resources,variedresources.org,geck2000@gmail.com,-73.8138786116756,40.72586173462231
Friends of St. Mark's Childrens Park,,friendsofstmarkschildrenspark@gmail.com,-73.94056857428664,40.674691748897445
Jamaica Bay-Rockaway Parks Conservancy,jbrpc.org,info@jbrpc.org,-73.81631619339282,40.58336505325076
"Going Coastal, Inc.",goingcoastal.org,Info@goingcoastal.org,-73.99852855602826,40.683878749002716
Urban Oasis,,,-73.93567857778345,40.65631175210603
iDig2Learn,iDig2Learn.org,iDig2Learn@gmail.com,-74.01976854882747,40.68941774826836
Solar One/ Stuyvesant Cove Park,solar1.org,,-73.9746485600008,40.73523173820609
Tishman Environment and Design Center,tishmancenter.org,tedc@newschool.edu,-73.99265855385926,40.73728473805596
Hands That Make A Difference,handsthatmakeadifference.org,info@handsthatmakeadifference.org,-73.93953856626206,40.826113719190275
Fort Greene Park Conservancy,fortgreenepark.org,info@fortgreenepark.org,-73.97356856338507,40.6869957471893
CCNY MLA Program,ssa.ccny.cuny.edu/programs-centers/graduate-programs/m-land-arch-i/,,-73.95140856279008,40.8180817208908
New York Restoration Project,nyrp.org/,info@nyrp.org,-73.99358855336935,40.7497437363699
596 Acres,596acres.org,organizers@596acres.org,-73.98502856038328,40.67736374993663
Westchester Square Business Improvement District,wsbid.org,,-73.84324859602391,40.841448712722915
Earth Matter NY,earthmatter.org/,contact@earthmatter.org,-73.98427855842351,40.71882174194228
Community Advisory Board for Flushing Meadows Corona Park,,fmcpacab@gmail.com,-73.84669860058044,40.745771731644766
New Roots Community Farm (International Rescue Committee),rescue.org/,sheryll.durrant@rescue.org,-73.99057855433483,40.75427173496555
Naturally Occurring Cultural Districts NY (NOCD-NY),nocdny.org,nocdny@nocdny.org,-73.97451856414781,40.66741175110739
Waterfront Museum,waterfrontmuseum.org,waterfrontmuseum@gmail.com,-74.01799854953948,40.674887751161485
Richmond Hill Historical Society,richmondhillhistory.org,richmond.hill.historical@gmail.com,-73.83646860686879,40.701594739739186
W.113th Street Block Association/ W.113 Street Amsterdam-Broadway Committee  (113ABC),,,-73.96277855944372,40.80499172434134
GreenSpace on Fourth,greenspaceon4th.org,c/o Judy Janda  jjanda@igc.org,-73.97330856401358,40.676917749294724
Park Slope Food Coop Tree Care Squad,,,-73.97667856270144,40.67491875013034
Ocean Bay Community Development Corporation,oceanbaycdc.com,,-73.78460862960351,40.59598475910746
Neighbors Helping Neighbors,,mjohnson@eastbronxacademy.org,-73.88791858185874,40.83709671528079
Pacific Street Brooklyn Bear's Community Garden,brooklynbears.wordpress.com/,pacificbearsgarden@gmail.com,-73.97892856220825,40.67582174987192
Harbor Watch,harborwatch.org,,-73.38097872658588,41.14555163703689
"American Society of Landscape Architects, New York Chapter",aslany.org,nyasla.excom@gmail.com,-73.97423855966338,40.750685735343914
NY-NJ Harbor & Estuary Program,harborestuary.org,info@harborestuary.org,-74.01589854899544,40.70487874547132
Hudson Green,,mdschott@msn.com,-74.00709854990147,40.736341738721386
Downtown Alliance,downtownny.com,contactus@downtownny.com,-74.01104854956714,40.70851474480036
Arab American Association of New York,arabamericanny.org,info@arabamericanny.org,-74.02140855158626,40.63244175955833
St. Luke's Community Garden,facebook.com/yourfavoritegarden/,cityagrinetwork@gmail.com,-73.94274856574104,40.8166317209075
Fifth Avenue Bay Ridge BID,bayridgebid.com,info@bayridgebid.com,-74.0246785511663,40.62606376140587
Community Board 12,nyc.gov/bronxcb12,,-73.85889858789022,40.89066670368077
Street Vendor Project,streetvendor.org,SVP@urbanjustice.org,-74.0145285493618,40.70828174470678
Rockaway Waterfront Alliance,rwalliance.org,info@rwalliance.org,-73.78655862942139,40.592066759299314
Breaking Ground,breakingground.org,info@breakingground.org,-73.99287855346732,40.753008735007924
Sunset Park CSA,sunsetparkcsa.org,sunsetparkcsa@gmail.com,-74.0051685550734,40.65204175536782
Brooklyn High School for Leadership and Community Service,,,-73.9589185682678,40.692614745922725
American Scottish Foundation,americanscottishfoundation.org,americanscottishfoundation@gmail.com,-73.97272855905301,40.76174473289537
Brooklyn Community Board 2,nyc.gov/html/bkncb2/html/home/home.shtml,cb2k@nyc.rr.com,-73.98722855846462,40.69362574657957
Friends of Eibs Pond Park,,patriciapolitics@aol.com,-74.0833285332929,40.61154176620261
Hattie Carthan Community Food Projects,hattiecarthancommunitymarket.com,Hattiecarthangarden@ yahoo.com,-73.94676857202121,40.690411746247825
More Gardens Fund,moregardens.org/,aresh@moregardens.org,-73.9851685573378,40.71891674174526
Union Street Block and Civic Association,,,-73.95203857151918,40.66905175069605
Neighborhood Advisory Committee Garden,No,,-73.92153857173614,40.817786719698525
Bushwick Block Association,,,-73.91856858133242,40.68971974498266
Natural Areas Conservancy,naturalareasnyc.org,info@naturalareasnyc.org,-73.9518185641128,40.79327172609768
Brooklyn Community Foundation,brooklyncommunityfoundation.org,info@bcfny.org,-73.95649856949876,40.67777174860016
Flushing Town Hall,flushingtownhall.org,,-73.83008860505294,40.76345172734622
Patchen Community Square,patchensquare.com,patchensquare@gmail.com,-73.92710857848279,40.68664874598367
The Flea Theater,theflea.org,,-74.0057885517657,40.71610574265354
Madison Avenue Business Improvement District,madisonavenuebid.org,information@madisonavenuebid.org,-73.96169856243223,40.7761487295697
Kingsbridge Business Improvement District,kingsbridgebidnyc.org,,-73.90635857357289,40.88003870729519
Queens Community House,qchnyc.org,info@qchnyc.org,-73.85039859996628,40.735851733641134
"South Beach Resident Association, Inc.",,Sclinton715@gmail.com,-74.07763853582392,40.594386769296165
Open Architecture New York,oacny.org,info@oacny.org,-73.99856855300118,40.728541740422365
South Brooklyn Children's Garden,southbrooklynchildrensgarden.org,info.sbcg@gmail.com,-74.00267855423327,40.68509174884639
Gardener of Hooper Street Park,facebook.com/hoopergarden/,Hooperstreetpark@gmail.com,-73.95336856842641,40.70814174284687
We Run Brownsville,,werunbrownsville@gmail.com,-73.90702858759897,40.63069475603949
ActNowVote,,Actnowvote@gmail.com,-73.73140864261842,40.66086874429014
La Plaza Cultural Armando Perez,opencity.com/laplazacultural/,La Plaza <laplaza9@gmail.com>,-73.97778855920832,40.72519574051581
Montague St. BID,montaguebid.com,KATE@montaguebid.com,-73.99419855621653,40.69477174656443
"Brooklyn AYSO, 473",brooklynayso.org,ainslie@brooklynayso.org,-73.95538857071199,40.66054175174182
Madison Marine Homecrest Civic Association,N/A,coachedj@aol.com,-73.9372985799991,40.60163176345989
NYC Mountain Bike Association NYCMTB,nycmtb.com,dawson@nycmtb.com,-73.98727855668928,40.73076973933501
Waterfront Alliance,waterfrontalliance.org,info@waterfrontalliance.or,-74.00325644365783,40.707548255910304
530 Manhattan Ave HDFC,,liz@miss-management.net,-73.95398856200073,40.808867722721956
Cornell University Research,,,inf,inf
Beyond Organic Design,beyondorganicdesign.com,info@beyondorganicdesign.com,-73.95930856082265,40.79945672511828
Open Space Alliance of North Brooklyn,osa-nb.org,,-73.9632285661899,40.703867744145306
Brooklyn Beet CSA,brooklynbeet.com,BKLYNBEETCSA@GMAIL.COM,-73.98054856102053,40.685546747751744
Hoboken Cove Community Boathouse,,,-74.02401854382748,40.748371737440536
754X Vegetable Garden and Chicken Farm,gardensquad.weebly.com,,-73.9097985769235,40.81116372080424
Phoenix Community Garden,phoenixcommunitygarden.org,phoenixgardenbk@gmail.com,-73.90673858541776,40.68481774538087
North Greenpoint Neighbors,,,-73.95569856654409,40.73724673694659
Student Government,,Faculty@bxslf.org,-73.91254857130271,40.87684170851406
Chelsea Waterside Park Association,cwpark.org,,-74.00061855153207,40.745331736813945
Kingsbridge Heights Community Center,khcc-nyc.org,wlittleton@khcc-nyc.org,-73.90023857511586,40.87756670741818
High Rock Civic Association,,markrusso@rpminsurance.com,-74.12555852114717,40.58393177353536
Friends of Brower Park,friendsofbrowerpark.org,contactus@friendsofbrowerpark.org,-73.94335857345796,40.67303174879364
"Intervine, A Division of Sustainable South Bronx",intervine.nyc/about-us/,tsheppardbloch@thehopeprogram.org,-73.91629857176721,40.84738471420109
The Enchanted Garden,,,-73.91254857130271,40.87684170851406
Maple Street Community Garden,maplestreetcommunitygarden.org,maple3garden@gmail.com,-73.96187856850173,40.6599377525116
NYSTART,opwdd.ny.gov/ny-start/home,scyrus-savary@sus.org,-73.95664856910312,40.68133874784117
"BioBus, Inc.",biobus.org,,-73.95565856188642,40.81417772211855
Bangladeshi American Community Development & Youth Services,bacdys.org,info@bacdys.org,-73.86410859844052,40.678649745505645
Impacct Brooklyn,impacctbrooklyn.or,info@impacctbk.org,-73.95649856949876,40.67777174860016
Dorchester Senior Citizens Center,,dorchesterseniorsnyc@gmail.com,-73.96471856876593,40.638945756380146
Bonnie Boys' Club (aka Bonnie Youth Club),bonnieyouth.org,bonnieyouth@hotmail.com,-73.96820856808907,40.647418755276234
Smiling Hogshead Ranch,smiling-hogshead-ranch.tumblr.com/,smilinghogsheadranch@gmail.com,-73.94377856955738,40.74303373563693
"National Youth Organization of Pakistan, Inc.",nyopngo.org,nyopngo@hotmail.com,-73.96658856955946,40.63191875779031
Kayak Staten Island,kayakstatenisland.org,kayakstatenisland@gmail.com,-74.07366853459598,40.6378667602883
Fiske Terrace Association,facebook.com/FiskeTerraceBrooklyn/,fisketerraceassociation@gmail.com,-73.96046857158096,40.63042375790571
717-651 MacDonough Street Block Association,,mikki_ms@hotmail.com,-73.91850858132963,40.683911746404924
Green Bronx Machine,greenbronxmachine.org,stephen.rutz@greenbronxmachine.org,-73.91136857126918,40.89005570603614
Vito Marcantonio Community Peace Garden,,pclarke@schools.nyc.gov,-73.941668568251,40.78531972713204
80th Street Bloack Association,,,-74.02321855139668,40.625193761669166
Yellowstone Park Alliance,,yellowstoneparkalliance@gmail.com,-73.84675860129173,40.724295735923086
Socrates Sculpture Park,socratessculpturepark.org,sm@socratessculpturepark.org,-73.93625857026447,40.76765373060298
Young New Yorkers,youngnewyorkers.org/,info@youngnewyorkers.org,-73.98031856103202,40.688051747728345
Sunset Park Landmarks Committee,preservesunsetpark.org,info@preservesunsetpark.org,-74.007938554449,40.64638475692699
Outer Seed Shadow,outerseedshadow.org,project@outerseedshadow.org,-73.9866685582779,40.702895744934466
Appalachian Mountain Club,outdoors.org,AMCinformation@outdoors.org,-73.98037855644463,40.77064873108804
The New York Landmarks Conservancy,nylandmarks.org,info@nylandmarks.org,-74.01317454916982,40.70399774521285
Electric Ladybug Garden,electricladybuggarden.org/,electricladybugharlem@gmail.com,-73.95602856181402,40.80053672471734
8th Street Block Association,,heloisejed@mindspring.com,-73.97696856315439,40.66549575158633
"Street Lab, Inc. DBA The Uni Project",theuniproject.org,info@theuniproject.org,-74.00686855138585,40.719344742106436
Greenpoint Reformed Church and Hunger Program,greenpointchurch.org,info@greenpointchurch.org,-73.95578856654495,40.729308738273716
Let It Grow,N/A,ksmolensky@ps347.org,-73.9825385574536,40.73858173800774
Parkside Plaza Committee,facebook.com/parksideplazabklyn/,parksideplazabklyn@gmail.com,-73.95649856949876,40.67777174860016
Grant Associates,grantassociatesinc.com,,-73.98821855565058,40.747939735852434
East Midtown Partnership,eastmidtown.org,info@eastmidtown.org,-73.96942856056097,40.757641733461796
New Hamilton Beach Civic Association,facebook.com/groups/NewHamiltonBeachCivic/,,-73.83110861074672,40.653011749249096
"The Ghanaian Association of Staten Island NY, Inc.",ghanaiansi.org,gasinyansapo@gmail.com,-74.1344685145415,40.635871763105946
American Community Gardening Association,communitygarden.org,info@communitygarden.org,-84.44502584315627,33.666513582474956
Prospect Farm,prospectfarm.org,ProspectFarmBK@gmail.com,-73.9762985648293,40.6537777545196
Jane Goodall's Roots & Shoots,rootsandshoots.org/,,-77.24312763853524,38.92763221613869
Ashford Learning Garden,,nmaymi@hotmail.com,-73.88527859254495,40.679721745676986
Teens for Food Justice,teensforfoodjustice.org/,,-73.98285855489823,40.769231731457594
"Literacy, Inc. (LINC)",lincnyc.org,sdozier@lincnyc.org,-73.91734857051928,40.86898171031643
The People's Own Organic Power (POOP) Project,thePOOPproject.org,info@thepoopproject.org,-73.964308568941,40.65083675419047
PS 32 The Belmont School,PS 32.org,wpayret@schools.nyc.gov,-73.88591858156893,40.85208871248889
Greening Greenpoint,GreeningGreenpoint.org,,-73.95798856651035,40.7238917395619
Goddard Riverside Community Center at Lincoln Square Neighborhood Center's Early Childhood Center,lsncny.org,rebekah.barr@lsncny.org,-73.98658855446256,40.77405873061838
Seagirt Blvd Community Garden /NYRP,Seagirt Community Garden @facbook,,-73.76328863680641,40.59593175823406
Balmville Citizens Association,,jefflease@verizon.net,-74.00971849942644,41.52827358584365
Brooklyn Scouts,5thbrooklynscouts.org/,etimberwolfleader@5thprospectpark.org,-73.9730385646436,40.66918175144007
Saw Mill River Audubon,sawmllriveraudubon.org,office@sawmillriveraudubon.org,-73.78080859469193,41.194921641498695
Friends of Inwood Hill Park,,friendsofinwoodhill@gmail.com,-73.92183856905683,40.86930370978015
Rock Lodge Club,RockLodge.com,,-74.53200836109289,41.07537169208497
The Montclair Bird Club,montclairbirdclub.org,,-74.19180848354438,40.84963172360098
Greene Ave United Neighbors,,,-73.95170856989192,40.68834174684159
La Familia Verde Community Garden Coalition,lafamiliaverde.org,linkoree2@gmail.com,-73.88712858215764,40.844775713254535
Briarwood Butterfly Brigade,,,-73.81955861141711,40.71295473722226
Montgomery Street Block Association (300 Block),,,-73.95298857160526,40.665518750802455
462 Halsey Community Farm,462halsey.com,462halsey@gmail.com,-73.93870857544452,40.68231474713836
NYCID YABC,nycid.org,ccabrera@nycid.org,-74.07731853236993,40.64345875928653
Green City Force,greencityforce.org/,info@greencityforce.org,-73.94883857003578,40.69990874400607
Swale,swaleny.org,info@swaleny.org,-73.98641855791473,40.7040587441804
Historic Park Avenue,,,-73.95731856271456,40.77999772912014
Dred Scott Bird Sanctuary,dsbs1.org,dsbs@optonline.net,-73.91369857392284,40.83571571640508
Graham Avenue Business Improvement District (BID),grahamavenuebid.net,grahambid@verizon.net,-73.94259857270849,40.70379174327708
Queens Botanical Garden,queensbotanical.org,info@queensbotanical.org,-73.82611860638578,40.75151772933219
City Bar Justice Center,citybarjusticecenter.org,,-73.98133855670962,40.7553517339908
Chelsea-Village Partnership,,LFUNK@LFAA.nyc,-73.99113855389747,40.74709673612069
Sunshine Community Garden,,,-73.94308857180731,40.704444743398426
New Dorp High School Interact Club,Rotary.org,,-74.10828852769343,40.56974777549409
Crown Street Block Association,,,-73.95550857022694,40.66652575112665
Greenpoint Manufacturing and Design Center Local Development Corporation,gmdconline.org,BrianC@GMDConline.org,-73.95546856603585,40.73804373711326
Earth Day Initiative,earthdayinitiative.org,info@earthdayny.org,-73.99892855318895,40.719988741646546
Luigi's Garden,facebook.com/LuigisGarden/,227garden@gmail.com,-73.94952857308012,40.6631887512026
Jackson Heights Beautification Group,jhbg.org,info@gmail.com,-73.89412858512503,40.752771732217134
New Covenant Community Development Corporation,newcovenantdevelopmentcorp.org,,-73.90293857762298,40.8289977173461
AmpleHarvest.org,AmpleHarvest.org,info@AmpleHarvest.org,-74.39929840338141,41.070937687837294
Friends of DeLury Square Park,friendsofdelurysquarepark.org,,-74.00523855237924,40.70891874401168
PS 54 School Wellness Council,,,-73.95294856918338,40.692601745423005
Shorewalkers,shorewalkers.org,shorewalkersny@gmail.com,-73.96160856328173,40.761897732396264
Green-Wood Cemetery,green-wood.com,,-73.99636855809828,40.659457753805434
Woodhaven Cultural & Historical Society,projectwoodhaven.com,projectwoodhaven@gmail.com,-73.85444860158384,40.695811741624546
Rocking the Boat,rockingtheboat.org,info@rockingtheboat.org,-73.88347858438074,40.81777871900406
"Staten Island Chamber of Commerce Foundation, Inc.",sichamber.com,,-74.075708534116,40.638949760696505
810 Gerard CSA,stoneledge.farm/,gilliantausend@gmail.com,-73.92519857067856,40.82545171888379
Newtown Historical Society,newtownhistorical.org,newtownhistory@gmail.com,-73.91343858142676,40.708827741051266
Garden of Love,,garden_of_love@googlegroups.com,-73.95591856233091,40.80377872367456
New Destiny Housing Corporation,newdestinyhousing.org,,-73.98364855633136,40.75051773553203
Northeast Bronx Community Farmers Market Project,,cnapolitano491@gmail.com,-73.80230861068259,40.8167147157978
The Nature Conservancy - New York City Program,nature.org/newyorkcity,nycprogram@tnc.org,-73.9970585517825,40.74722173686195
Friends of Ferry Point Park,ferrypointpark.org,www.ferrypointpark.org,-73.83786859852698,40.82120871644027
Sack-Wern Houses Resident Association,,swhrc.s@hotmail.com,-73.86721858945704,40.81891571759044
Brooklyn Public LIbrary/Inclusive Serivces,bklynlibrary.org,cbanks@bklynlibrary.org,-73.93345858007166,40.619505759195235
Friends of the Bonsal Preserve,facebook.com/BonsalPreserve/?ref=aymt_homepage_panel,BonsalPreserve@verizon.net,-74.19130848375448,40.8518317227979
Brooklyn Nature Club,brooklynnatureclub.org,,-73.94381857109357,40.715271741136235
The Garden People,thegardenpeople.org,Thegardenpeople91@gmail.com,-73.97941855528235,40.78270172863278
Euclid 500 Community Garden,Euclid 500 Community garden,,-73.87151859646316,40.673711746754734
Civics Through Literature and the Arts After School Program,,Abarnes13@schools.nyc.go,-73.8995385763333,40.857264711969655
Brooklyn Historic Railway Association,brooklynrail.net,N/A,-73.97145856723621,40.63691175770228
Pen Parentis,Penparentis.org,Info@penparentis.org,-74.00988854997826,40.70988374395044
"Oasis Community Garden, Hell's Kitchen, NYC",,,-73.99236855347729,40.75918473441877
Central American Legal Assistance,centralamericanlegal.info,cala@igc.org,-73.95590856853136,40.70569174367899
Confetti Kid,facebook.com/confettilearning,Confettilearning@gmail.com,-73.8298585999869,40.8512987100406
Curtis HS Environmental Club,,,-74.08118853105644,40.644736759374524
Friends of MacDonald Park,,,-73.8379686045303,40.72106173637129
Shabazz Gardens PS 262 School garden,,fiawork@hotmail.fr,-73.93095857695639,40.68320774715228
Bridgefield Civic League Incorporated,,,-73.8549885906058,40.87523570651001
Glendale Community Garden,,,-73.86268859766696,40.70849173917613
"South Beach Resident Association, Inc.",,,-74.07763853582392,40.594386769296165
Carnegie Hill CSA,carnegiehillcsa.org/,info90csa@gmail.com,-73.95238856440005,40.779041728471874
Friends of Carroll Park,friendsofcarrollpark.com,carrollparkbrooklyn@gmail.com,-73.9975985556976,40.681365749660515
South Orange Environmental Commission,,,-74.25850846864031,40.745891745614934
Tranquility Farm Members,,enak.mcpherson@gmail.com,-73.94230857264364,40.69539174451971
Hester Street,hesterstreet.org,info@hesterstreet.org,-73.99324855548547,40.716609742720046
Jacquline Denise Davis Garden,,,-73.90664857691607,40.825691717606574
Friends of Dag Hammarskjold Plaza,hammarskoldplaza.org,info@hammarskjoldplaza.org,-73.97152856033382,40.753653734213195
Flatbush Jewish Center,flatbushjewishcenter.org,office@flatbushjewishcenter.com,-73.97570856533439,40.6444577555956
McIntosh Neighborhood Association Garden,bqlt.org,,-73.86969859236649,40.7644187289824
Park Slope Fifth Avenue Business Improvement District,parkslopefifthavenuebid.com,,-73.98387856081567,40.67140175107148
,,info@gowanusbydesign.org,-73.99705855364915,40.72505874081234
Green Keepers,goddard.org,greenkeepers@goddard.org,-73.97052855783605,40.78668872788095
Long Island City Partnership,licqns.co,info@licpartnership.org,-73.9393885707745,40.750594733946734
GallopNYC,GallopNC.org,info@GallopNYC.org,-73.98502856038328,40.67736374993663
Directions for Our Youth,dfoy.org,rwilliams@dfoy.org,-73.90777857518364,40.83551171583216
The Woodlawn Cemetery & Conservancy,woodlawnconservancy.org/,BAndersson@thewoodlawncemetery.org,-73.87845858134965,40.886439705416194
Shore Road Parks Conservancy,Shoreroadparks.org,,-74.03226854876762,40.62767176115793
Susan E Wagner High School AFJROTC,,sew.jrotc@gmail.com,-74.12325852111735,40.598441770004435
East 12th Street Block Association,,12thstba@gmail.com,-73.98062855858083,40.72880174002086
4th Street Food Coop,4thstreetfoodcoop.org,contact form on website,-73.99088855596845,40.72679473992396
Travis Civic Association,,,-74.18522850084595,40.59502177282418
Bedford Stuyvesant Society for Historic Preservation,bedfordcornershistoricdistrict.org/,claudette.brady@bedfordcornershistoricdistrict.org,-73.9485785712236,40.68268174705852
400 Macdonough Street Block Association,facebook.com/groups/400blkassoc/,,-73.92677857912494,40.68295574692535
"Imani House, Inc.",imanihouse.org,Imani@imanihouse.org,-73.97761856302694,40.680628748665676
"C.I. Youth Alive, Inc.",CIYOUTHALIVEINC@WIX.COM,CIYOUTHALIVE@GMAIL.COM,-73.99935856257817,40.57383177049628
Eldert Street Community Garden,facebook.com/eldertstreetgarden,Eldertstreetgarden@gmail.com,-73.90713858494077,40.692771743875724
Poppa & Momma Jones' Historic Community Garden,,Polyglot919@gmail.com,-73.89050859068495,40.67340774754872
Access Institute,accessqueens.com,rgunasingh@aol.com,-73.8291886083116,40.71221173787205
Crauderueff,crauderueff.com,,-73.99778855174024,40.75645373446451
Billion Oyster Project,bop.nyc,restore@nyharbor.org,-74.01184855040415,40.7016417455768
Community Solutions / Brownsville Partnership,community.solutions/,,-73.91011858531581,40.6673117494275
New Jersey Tree Foundation,njtreefoundation.org,lsimms@njtreefoundation.org,-74.3897784634539,40.13589387101555
Friends and Residents Of Greater Gowanus (FROGG),froggbrooklyn.org,,-73.99067855881029,40.679595749654375
830 Amsterdam Avenue Resident Association,,,-73.96821855891052,40.79699172588764
Union Street Garden and Community Development,,,-73.95904856937307,40.66991775070339
Baldwin Learning Center (BLC) Coalition,wittseminar.blogspot.com,raypultinas@gmail.com,-73.88592808301121,40.88006271265849
Storefront for Art and Architecture,storefrontnews.org,info@storefrontnews.org,-73.99697855353935,40.72131674200469
Friends of Brookville Park,,friendsofbrookvillepark@gmail.co,-73.72944864415643,40.65357174586997
Fort Hamilton HS,,,-74.03996854630243,40.62793176150354
Friends of Hopewell Valley Open Space,fohvos.org,info@fohvos.org,-74.89110829296989,40.31752185296944
The Point CDC,thepoint.org,info@thepoint.org,-73.89094858172074,40.81814471931082
The Land Conservancy of New Jersey,tlc-nj.org,,-74.3982784123209,40.92909971515027
Wave Hill,wavehill.org/,barryk@wavehill.org,-73.91052857091542,40.899973703233215
100 Quincy Community Garden,,100quincy@googlegroups.com,-73.95797856802605,40.68612174697531
WE ACT,weact.org,,-73.94450856353379,40.82949371836394
Preserving East New York,preservingeny.org,peny.bk@gmail.com,-73.9714485636268,40.69623174536521
Liz Christy Garden,Website is out of date,mylodon7@msn.com,-73.99668855377413,40.72212574116498
Friends of Gulick Park,gulickpark.org,,-73.98260855832797,40.71566174195855
New Jersey Audubon,njaudubon.org/,conservation@njaudubon.org,-74.55155837545794,40.74146175744237
Staten Island Partnership for Community Wellness,sipcw.org/,erika@sipcw.org,-74.0773185334941,40.639081760178975
"Field of Dreams Trail Park, Inc.",njmpfod.com,info@njmpfod.com,-74.83663830477782,40.40462783382017
State Street Cathedral Block Association,,,-73.98488856014463,40.68773174759454
Newtown Creek Alliance,newtowncreekalliance.org,info@newtowncreekalliance.org,-73.9187485773821,40.746631733497146
Sullivan Ludlam Stoddard Neighborhood Association,slsna.org,slsna11225@gmail.com,-73.95500857082473,40.665421751377515
Belmont BID,bronxlittleItaly.com,Pmarino@bronxlittleitaly.com,-73.8876285807196,40.855456711915444
Friends of Bleecker Street Playground,bleeckerplayground.org/,info@bleeckerplayground.org,-74.00454855067974,40.73672373887211
Kent Conservation Foundation,thekcf.org,,-73.65452861574462,41.50582157722205
Parks4Us,,parks4us.nyc@gmail.com,-73.96054856883593,40.65908775298496
Brooklyn Bridge Park Boathouse,bbpboathouse.org,YOU@BBPBOATHOUSE.COM,-73.98146856396093,40.641341756523424
Ocean by the Park Tree Club,oceanbytheparktreeclub.blogspot.com/,,-73.96264856828374,40.65954575228105
Association to Benefit Children,a-b-c.org,abc@a-b-c.org,-73.94886856600624,40.77667172876042
Marine Park Junior High School,sites.google.com/site/marineparkis278/home,,-73.93948857973378,40.6069317620263
Bryant Hill Community Garden,,,-73.88557858418075,40.81829371899333
Carroll Gardens Association,cganyc.org,info@cganyc.org,-74.00258855399414,40.685217749170896
Friends of High Rock Park,,mebcat93@aol.com,-74.12362852247713,40.57810877440782
GuerinosAgainstGraffitti,GaGNYC.webs.com,SSG.NAG@gmail.com,-73.89918857561491,40.871657708715794
Avenue D. Muchauts Association,,,-73.9291885806104,40.642121755063
Neighbors Allied for Good Growth,NAG-Brooklyn.org,NAG.bklyn@gmail.com,-73.96116856525326,40.72084774015081
"Alley Pond Environmental Center, Inc.",alleypond.com,,-73.75702862801447,40.7622787251819
Mapes Ave Gander Bronx Land Trust,,,-73.88504858187257,40.84716771291316
Farm School NYC,farmschoolnyc.org,info@farmschoolnyc.org,-73.98230855665483,40.75821173417227
Greater Woodhaven Development Corp./ Woodhaven Business Improvement District,WoodhavenBid.com,CrWDCBIS@hotmail.com,-73.8608085989157,40.69233174218692
Black Rock Forest Consortium,blackrockforest.org,brfoffice@blackrockforest.org,-74.00938850722326,41.42018860645059
Fort Greene Park Users + Pets Society (PUPS),fortgreenepups.org,info@fortgreenepups.org,-73.96763856505017,40.68735474765124
Friends of Wickers Creek Archaeological Site Inc (FOWCAS),,,-73.92459855485764,41.089785666830814
Friends of the High Line,thehighline.org,info@thehighline.org,-74.00804854978075,40.73950473862489
Bayside Angler Group Ltd.,baysideanglers.com,preseident@baysideanglers.com,-73.80014861381078,40.77387172409268
Canarsie Strong  (FCOCI Outreach Project),"worldstrong.org, canarsiestrong.wordpress.org",canarsiestrong@gmail.com,-73.88869859342589,40.640986753990525
Teaneck Creek Conservancy,teaneckcreek.org,alexa@teaneckcreek.org,-74.01158853962379,40.87458771202382
Ideas in Motion LLC,ideasinmotionllc.com,jim4K@ideasinmotionllc.com,-73.9999085518752,40.746378736882505
"Riverview Neighborhood Association, Inc.",riverviewneighborhood.org,riverviewneighborhood@gmail.com,-74.04455853741202,40.741976739622295
Ample Table for Everyone,ampletable.org,,-73.96036856273558,40.771346730551116
Rutgers Cooperative Extension of Union County 4-H master True Stewards,,jnichnadowicz@ucnj.org,-74.3432884469915,40.650778767430225
U.S. green Building Council - Long Island Chapter,USGBC-li.org,info@usgbc-li.org,-73.24807878957147,40.80715869893025
Mianus River Gorge,mianus.org,research@mianus.org,-73.62175864562353,41.18429163777681
Maple Street Block Association,,,-73.95562857086571,40.660525751771125
DUMBO Improvement District,dumbo.is,,-73.98641855791473,40.7040587441804
Atlantic Avenue Business Improvement District,AtlanticAveBID.org,Info@AtlanticAveBID.org,-73.98739855840844,40.687907747664106
Prophecy Gardens,,,-73.93232857993188,40.62551775836765
Mercy Home for Children,mercyhomeny.org,info@mercyhomeny.org,-73.96033856676671,40.692477745607945
Pacific Street Brooklyn Bear's Community Garden,brooklynbears.wordpress.com,pacificbearsgarden@gmail.com,-73.97892856220825,40.67582174987192
Greene Acres Community Garden,greeneacresgarden.com/,greene.acres@gmail.com,-73.96219856729208,40.685458747631195
Friends of the Upper East Side Historic Districts,friends-ues.org,info@friends-ues.org,-73.96301856178056,40.769331730585705
Hart Street Beats Block Association,,hartstreetbeatsblockassociation@yahoo.com,-73.93106857617045,40.69576574474778
The Red Shed Community Garden,redshedgarden.com,,-73.94020857280036,40.71632674042917
Museum at Eldridge Street,eldridgestreet.org,,-73.9937085554769,40.71469774238816
Trout Unlimited - Trout in the Classroom,troutintheclassroom.or,,-73.86549859542232,40.73601873431469
MHBA Living Laboratory,,,-73.97130856450212,40.689547746872165
Crown Heights South Association,chsa20.com,crownheightssouth@gmail.com,-73.9565885704603,40.669411750476996
NYC Urban Soils Institute,usi.nyc,info@usi.nyc,-74.00480855136674,40.723591741440714
The William B. Washington Memorial Garden,,,-73.93892856472156,40.8554567129796
"Live Here, Learn Here",liveherelearnhere.org/,liveherelearnhered17@gmail.com,-73.96251856817796,40.67442174938738
Friends of Wood Duck Pond,,,-74.15502851445085,40.54606178192044
"Sculptors Alliance, Inc.",SculptorsAlliance.org,Sculptorsalliance@outlook.com,-73.9860385570048,40.73024673915016
Friends of Blue Heron Park,friendsofblueheronpark.org,,-74.17813850771043,40.534251784393646
Lower Manhattan Cultural Council,lmcc.net,info@lmcc.net,-74.00631855171159,40.706381744602666
Rebuilding Together NYC,rebuildingtogethernyc.org,info@rebuildingtogethernyc.org,-73.99348855743968,40.67179475163899
"Friends of Downtown Parks NYC, Inc. DBA Green Below 14",greenbelow14.org,info@greenbelow14.org,-73.99610855420924,40.72618374086517
New Hamilton Beach Civic Association,facebook.com/groups/NewHamiltonBeachCivic/,newhamiltonbeachca@gmail.com,-73.83110861074672,40.653011749249096
"Kew Gardens Civic Association, Inc.",kewgardenscivic.org,contact@kewgardenscivic.org,-73.82990860818929,40.7110967374492
Hunters Point Parks Conservancy,hunterspointparks.org,info@hunterspointparks.org,-73.95646856488486,40.744641735247356
Word Up Community Bookshop/LibrerÃÂ­a Comunitaria,wordupbooks.com,info@wordupbooks.com,-73.93845856530882,40.83770671653179
River Garden,Facebook page,rivergardenbx@gmail.com,-73.88549858185608,40.849707712817306
200 Hicks St. Block Association,,,-73.99647855600928,40.69386174738478
East 9th Street Block Association,,michele.besson@aecom.com,-73.96833856860879,40.63103175820822
C.B.O.F.A.N. {Community Based Organization For All Neighborhoods},,cbofan1996@gmail.com,-73.89505859090552,40.65426975156875
New Yorkers for Parks,ny4p.org,ny4p@ny4p.org,-74.01149855065853,40.705138745144495
The Youth Farm,theyouthfarm.org/,,-73.94249857526843,40.65928575198629
Washington Heights Chamber Orchestra,washingtonheightsorchestra.org,info@washingtonheightsorchestra.org,-73.93782856502315,40.852053713553715
Lenox Hill Neighborhood House,lenoxhill.org,,-73.95852856383469,40.76716573161408
Mencius Society for the Arts,menciussociety.org/,admin@menciussociety.org,-73.99443855488008,40.71831474190331
Fenimore St. Block Association,,fenimorestblockassociation@gmail.com,-73.95453857170325,40.65844175204079
P.S. 13,,,-74.06987853699741,40.61320776508779
Northwest Bronx Community & Clergy Coalition,,,-73.89405857843244,40.86835770880779
Hoyt Street Association,boerumhillassociation.org,hkolins@aol.com,-73.98746855901221,40.687081747544454
BK ROT,bkrot.org,info@bkrot.org,-73.9180085805289,40.70353674266061
Wilson Housing 405,,,-73.94042856757048,40.78889172637909
Academy of Medical and Public Health Services,amphsonline.org,info@amphsonline.org,-74.01619855242676,40.64585175753102
Grow It Green Morristown,growitgreenmorristown.org,info@growitgreenmorristown.org,-74.48232839424726,40.79502774413562
Friends of Finn Square,,jraimi@earthlink.net,-74.00686855138585,40.719344742106436
Green Space Native Plant Community Garden / Green Space on Fourth,greenspace4th.org,,-73.97330856401358,40.676917749294724
Inwood Sprouts,inwoodsprouts.org,sherman.jenny@gmail.com,-73.92365856874466,40.86783571038207
Preservation Earth Project,preservationearthproject.org,preservationearthproject@gmail.org,-74.66875833860095,40.728785764325465
"Edison Greenways Group, Inc.",edisongreenways.org,info@edisongreenways.org,-74.37960844021244,40.57679178320049
"All People's Garden, Inc.",None,allpeoplesgarden@aol.com,-73.97998855979803,40.72142174056036
W 119th St Block Association,,,-73.94804856504813,40.80387172341279
Urban Garden Center,urbangardencenter.com,info@urbangardennyc.com,-73.94323856631293,40.79931972414613
"Brewster Community Food Pantry, Inc.",Brewsterfoodpantry.org,,-73.61721863414022,41.39749859706302
West 75th Street Block Association,w75BA.org,N/A,-73.98459855433669,40.78282472886071
1560 Grand Concourse Tenants Association/ Friends of Mt. Eden Malls and Claremont Park,N/A,debmyers07@yahoo.com,-73.91210857364322,40.84262371500187
Small Business Development Center,sisbdc.org,sbdc@csi.cuny.edu,-74.15744850939687,40.608011769260685
Bang Awareness Alcohol Prevention,,Hopevegagreen@gmail.com,-73.84605859277497,40.88526170445376
"Stuyvesant Cove Park Association, Inc.",stuyvesantcove.org,stuyvesantcovepark@gmail.com,-73.97831855903354,40.73237173908193
"Homecoming, Coming Home to LI, Inc.",homecomingearth.org,sophiagardengrow@aol.com,-73.40431874443635,40.70493172443376
Urban Green Council,urbangreencouncil.org,info@urbangreencouncil.org,-74.01149855065853,40.705138745144495
Sunnyside Reformed Chruch,Sunnysidenyc.rcachurches.org,Sunnychurch@verizon.net,-73.91609857852333,40.746356733443186
Los Amigos Garden,,,-73.93245856950556,40.79597372454227
23rd St. Community Garden,,,-74.00061856084855,40.58065776962821
3rd Street School Garden,,thirdstreetschoolgarden@gmail.com,-73.98651855744484,40.72417374109228
P.S. 15 Stewardship Committee,ps15k.org,,-74.01191855126017,40.67757175032888
"The Bethany Community Garden, Inc.",N/A we just use a Facebook page,bethanyctcommunitygarden@gmail.com,-73.00659883107053,41.40410957468945
"Urban Neighborhood Services, Inc",uns-inc.org,admin@uns-inc.org,-73.98490856619732,40.57659176984137
Academy of Hosptiality + Tourism,aohterasmus.org,smiller18@schools.nyc.gov,-73.95848857062045,40.6495847541992
Long-Island Farm Bureau,LIFB.com,Admin@LIFB.com,-72.74430894464724,40.908941661822325
Central Park Conservancy,centralparknyc.org,website@centralparknyc.org,-73.97124855970627,40.76431973200827
"Nazareth Housing, Inc.",nazarethhousingnyc.org,info@nazarethhousingnyc.org,-73.98127855889715,40.72823673963467
Fourth on Forth Avenue (Committee of Park Slope Civic Council),parkslopeciviccouncil.org/fourth-avenue/,fofa@parkslopeciviccouncil.or,-73.98108856118999,40.68226974909262
Staten Island PPS,statenislandpps.org,,-74.06917853707284,40.61937676385149
"St. George Theatre Restoration, Inc.",stgeorgetheatre.com,dcugno@sgtr.org,-74.077358533471,40.64182976018105
"Glen Oaks Village Owners, Inc.",glenoaksvillage.com,govonyc@aol.com,-73.72040864007248,40.752078725566044
Sparrow's Nest Community Garden,,,-73.83458860614518,40.71183173738672
Bronx Council for Environmental Quality,bceq.org,rsv@bceq.org,-73.88989857841116,40.88467170559476
Mare Liberum,thefreeseas.org,littleboats@thefreeseas.org,-73.99123855827696,40.67324175126547
WhyHunger,whyhunger.org,,-73.99287855346732,40.753008735007924
"Harlem Memorial Community Development, Inc.",None,fredwil4@hotmail.com,-73.9389885659445,40.82245972020639
Urban Justice Center,urbanjustice.org,,-74.0145285493618,40.70828174470678
Sydnie L. Mosley Dances,slmdances.com,"sydnie@slmdances.com, info@slmdances.com",-73.93748856739126,40.810021722596396
The Friends of the Hackensack River Greenway Through Teaneck,teaneckgreenway.org,info@teaneckgreenway.org,-74.00828853993956,40.896288707911154
Cornell Cooperative Extension of Putnam County,Putnam.cce.cornell.edu,putnam@cornell.edu,-73.626488629457,41.42833659119547
"2nd-3rd E 80 Block Association, Inc.",,,-73.9557585643978,40.77453172949597
"SustainableWestchester, Inc.",sustainablewestchester.org,info@sustainablewestchester.org,-73.73074860973705,41.20778563744576
Beachside Bungalow Preservation Association of Far Rockaway,preserve.org/bungalow,bbpaorg@aol.com,-73.75784863794938,40.59483175836238
Wyckoff Bond Garden,,www.facebook.com/wbgardenBKlyn/wyckoffbondgarden@gmail.com,-73.98610855891856,40.686601747670444
Holy Apostles Soup Kitchen,HolyApostlesSoupKitchen.org,Hask@holyapostlesnyc.org,-73.99936855096917,40.749148735820974
Urban Resource + Initiative,uri.yale.edu,uri@yale.edu,-72.92395886370419,41.31753458875731
Hutchinson River Restoration Project,hutchinsonriverrestorationproject.org,hutchinsonrrp@aol.com,-73.78350861528202,40.84649570985493
Town Square,townsquareinc.com,info@townsquareinc.com,-73.9570985662728,40.727744739135844
Macon Street (Arlington/Nostrand) Block Association,N/A,N/A,-73.95068857112297,40.68096174788121
American Rhododenron Princeton Chapter,,LesterRMartin@gmail.com,-74.22065850583932,40.339198825053025
Sunnyside Community Garden,Sunnysidenycommunitygarden@wordpress.com,Pcoyne51@aol.com,-73.91275857858778,40.74882173362977
"University Community Social Services, Inc.",meatloadkitchen.org,volunteer@meatloafkitchen.org director@meatloafkitchen.org,-73.98634855731258,40.72324674074627
Neighborhood Neighbors,,neighborhood.neighbors@gmail.com,-73.94160856568674,40.82683871940146
24/6: A Jewish Theater Company,twentyfoursix.weebly.com ; 246theater.com,yoni@246theater.com,-73.93444856611508,40.8550747136646
Riverside Oval Association,facebook.com/riversideoval,vducat@gmail.com,-73.94773856326087,40.83445671776414
Reclaimed Organics,reclaimedorganics.org,info@reclaimedorganics.org,-73.98323855744326,40.72989573961877
Community League of the Heights,cloth159.org,info@cloth159.org,-73.94126856482602,40.834155717574845
Brevoort Place Franklin Avenue Block Association,,,-73.95482856962376,40.68003174830666
Westinghouse HS / Marvin's Garden,,Veoia@aol.com,-73.98855855836192,40.69826874592143
Beacon Christian Community Health Center,beaconcchc.com/,,-74.15860850801712,40.62632176600104
Bed-Stuy Community Coalition,s6k.com/bedstuycc,s6kmedia@gmail.com,-73.94043857391021,40.68289474695304
T & T Vernon Avenue Block Association Community Garden,,tandtvernongarden@verizon.net,-73.94426857251756,40.695166744672065
New York Sun Works,nysunworks.org,srobards@nysunworks.org,-73.98107855615687,40.7742457305141
Rosedale Blocks Community Association (aka 147th Road Block & Community Association,N/A,rosedaleblockcommunity147@yahoo.com,-73.73814864042126,40.65656574502345
Rocky Hill Civic Association,rockyhillcivicassociation.com,,-73.73865863610443,40.73010973063692
Friends of the Williamsbridge Oval,,FriendsOvalPark@hotmail.com,-73.87634858339612,40.872941707320436
Union Street Garden and Community Development,,,-73.95849856950767,40.66981175078778
Trinity's Service And Food for the Homeless,safhnyc.orgq,info@safhnyc.org,-73.98017855927208,40.72619173968611
Christ Assembly Lutheran Church,N/A,N/A,-74.08147853236325,40.624796763710684
"Northeast Earth Coalition, Inc.",neearth.org,NEEARTHCOALITION@gmail.com,-74.21053847978104,40.81264173148375
"Hampton, Sterling, Virginia Place and Kingston Ave Block Assoc, Inc.",NA,N/A,-73.9407685749651,40.67261174944877
"Reaching-Out Community Services, Inc.",rcsprograms.org,info@rcsprograms.org,-74.0004385588073,40.61404176252737
"Defenders of Teddy Roosevelt Park, Inc.",saveteddyrooseveltpark.org,info@saveteddyrooseveltpark.org,-73.97723855624265,40.782698728589075
"Cannon Grange #152, Inc.",cannongrange.org,dao.cannongrange@gmail.com,-73.42608870668244,41.21631162529808
Manhattan East Community Association,,,-73.971918560885,40.74560473572199
Manresa Association,manresaassociation.com,N/A,-73.41830871819688,41.078627652012294
PS/IS 48,,,-74.09126853141593,40.60326176822964
PTA of PS 261k Garden Committee,,,-73.98823855815134,40.68743474800595
The Battery Conservancy,thebattery.org,info@thebattery.org,-74.01316854932809,40.704011745379795
"National Grange of the Order of Patrons of Husbandry, Conneticut State Grange, Oxford Grange #194, Bethlehem Grange #121",nationalgrange.org ctstategrange.org,secretary@ctstategrange.org,-73.23054875593883,41.45428157194278
Northeast Bronx Community Farmers Market Project,BronxFarmerMarket.org,BRONXFARMERSMARKET@gmail.com,-73.80230861068259,40.8167147157978
Woodbridge Notable Trees Project,,N/A,-72.9977188368386,41.366181581645456
Upper West Side Recycling,uwsr.org,info@uwsr.org,-73.9706885575045,40.80135672477684
Hudsonia,hudsonia.org,,-73.90763850164102,42.0193714881683
Citizen Projects,,info@citizenbridge.nyc,-73.99769855644783,40.67959574996361
Bushwick Cooks,riseboro.org/rb/health/bushwick_cooks/,bushwickcooks@gmail.co,-73.93557857458445,40.699244743785755
"Arts in Action VAP, Inc.",artsinactionvap.org,,-73.96708855962058,40.79178572661252
"Ridgewood Property Owners & Civic Association, Inc.",,,-73.90178858559979,40.70146174240741
East of Hudson Watershed Corporation,eohwc.org,kevin@eohwc.org,-73.62616862672466,41.4838415803482
Northwest Bronx Support Committee for the Homeless,,,-73.90556857301743,40.89133770549588
Fordham College Alumni Association,fordhamcollegealumni.org,N/A,-73.88742858027479,40.85962171071316
Bridgewater Center Cemetery Association,,,-73.38122870185076,41.53192456253435
Washington Heights Gardening Crew,,dkhnyc@aol.com,-73.93835856492628,40.841277715989875
The Chuckie Goodnight Foundation for the Environment,chuckiegoodnightfoundation.org,,-73.62490863314045,41.37947160096647
Gipsy Trail Club,gipsytrailclub.com,office@gipsytrailclub.com,-73.72407859428596,41.488856582599794
Friends of Albano Park,,,-73.97785855857467,40.7439457368798
Friends of Historic New Utrecht,historicnewutrecht.org,mail@historicnewutrecht.org,-74.00061855969463,40.60794176369835
Friends of Rye Nature Center,ryenaturecenter.org,info@ryenaturecenter.org,-73.68767863809562,40.97477668137213
Hackensack Riverkeeper,hackensackriverkeeper.org,info@hackensackriverkeeper.org,-74.04203852995961,40.88549171095086
Promenade Garden Conservancy,promenadegardenconservancy.org,pgc@thebha.org,-73.994988556086,40.69574674685685
Baxter's Pond Foundation,baxterspond.org,info@baxterspond.org,-73.69477864382921,40.83440670898875
FABSCRAP,fabscrap.org,info@fabscrap.org,-73.96605856164423,40.753821734266374
Pocantico River Watershed Conservancy,pocanticoconservancy.org,N/A,-73.76700860877752,41.039515671459434
"New American Democratic Club, Inc. / New American Youth Forum",,,-73.79635861864972,40.71760473550261
Saint Marks Place Block Association (3rd/4th Ave),,grace@5freedmans.com,-73.98108856118999,40.68226974909262
Jacques Marchais Museum of Tibetan Art,tibetanmuseum.org,info@tibetanmuseum.org,-74.13858851778913,40.57628577536669
Westerleigh Improvement Society,wisonline.org,wis-si@yahoo.com,-74.12845851819233,40.61556176718013
NY/NJ Baykeeper,nynjbaykeeper.org,info@nynjbaykeeper.org,-74.2350884964551,40.40993481091074
"Project Harmony, Inc.",projectharmonynyc.org,projectharmonynycs@aol.com,-73.95031856355799,40.80726172278905
Farmer's Garden,,,-73.91841858241044,40.674357747789195
150-155 Edgecombe Ave. Block Association,,edgecombe1505@gmail.com,-73.93990856507338,40.82999771820302
"Federated Garden Clubs of NYS, Inc. District 1","fgcnys.com; district 1 ""the healing garden living memorial""",sigardenclub.org,-74.11982852324914,40.57839177420472
Bay Terrace Beautification Association,,bayterracesi@gmail.com,-74.13444851965754,40.55702577837808
Newkirk Ave. Block Association,,,-73.95851857140957,40.63783975663845
Avenue D. Merchants Association,,,-73.9291885806104,40.642121755063
PVCG HPD Land,pvcghpdland.wixsite.com/savetheland,,-73.93178057023239,40.796646024879145
Murray Hill Neighborhood Association,murrayhillnyc.org,info@murrayhillnyc.org,-73.99524275294345,40.751225735668584
"Artists Alliance, Inc.",artistsallianceinc.org,,-73.98607855784026,40.7189797420598
Washington Square Park Conservancy,washingtonsquareparkconservancy.org,hello@washingtonsquareparkconservancy.org,-73.99686305327619,40.73049783943529
Pioneer Street Stewards,,lindsaycampbell37@gmail.com,-74.01105205156594,40.67891545062133
Greater Flushing Chamber of Commerce,flushingchamber.nyc,,-73.83145960408648,40.760468827977064
President 7 and 8 Block Association,,	president7and8@yahoogroups.com,-73.97797116255248,40.674434949934394
Stephens Court Block Association,,Stephenscourtbk@gmail.com,-73.95466457239452,40.638668755935896
Christopher Park Alliance,christopherpark.org,abecker@gmail.com,-74.00137735193066,40.73257593931494
"Friends of Cunningham Park, Inc.",friendsofcunninghampark.org,friendsofcunninghampark@yahoo.com,-73.77152302584769,40.73011803189787
Sutphin Blvd BID,sutphinblvdbid.org,sutphinblvdbid@verizon.net,-73.80888651552394,40.70349143821555
Astoria Urban Gardeners,,yasminakeller@gmail.com,-73.9104852796734,40.76084253089444
Woodside Neighborhood Association,,drosasco.cedr@gmail.com,-73.9015761828944,40.74319103395407
Bellerose Hillside Civic Association,Bellerose Hillside Civic Association ( Facebook),bhcacivic@aol.com,-73.72465894085218,40.7341175299598
Friends of the Bay,friendsofthebay.org,info@friendsofthebay.org,-73.49130380906949,40.833902502072895
Save our Seeds,saveourseeds.tv,info@handsthatmakeadifference.org,-73.94168536533051,40.829215718800526
PS 98M School,,annecatherine.mauk@gmail.com,-73.91770327091714,40.86781951016559
Cub Scout Pack 255 / Greater New York Councils Boy Scouts of America,too old,cubpack255@hotmail.com,-73.74206263532699,40.71787973370308
New York Tree Trust,nycgovparks.org/trees/tree-care/ny-tree-trust,nytreetrust@parks.nyc.gov,-73.8491462989562,40.751503130761364
Tech Kids Unlimited,techkidsunlimited.org,info@techkidsunlimited.org,-73.98571325901266,40.693355747049914
Hellgate CSA,hellgatecsa.net/,hellgatecsa@gmail.com,-73.91283267712134,40.774937628112596
"Building 13 Association, Inc.",Bldg13assoc.com,Rivers_run@yahoo.com,-73.82363919997549,40.87906510437289
Randall's Island Park Alliance,randallsisland.org,info@randallsisland.org,-73.92441087316516,40.79296902467157
Sunnyside Gardens Preservation Alliance,SunnysideGardens.us,info@SunnysideGardens.us,-73.91441657825173,40.74922973299849
Prospect Cemetery Association of Jamaica Village,prospectcemeteryassociation.org,,-74.01284275043317,40.7037963455708
"Responsible Eating And Living Worldwide, Inc.",ResponsibleEatingAndLiving.com,info@realmeals.org,-73.85212959982363,40.724524735932796
GreenThumb NYC Parks,greenthumbnyc.org,greenthumbinfo@parks.nyc.gov,-73.97127025920128,40.76764553167092
Greene Ave Block Association,,,-73.95556356881173,40.687628747089796
Brooklyn Queens Land Trust,bqlt.org,info@bqlt.org,-73.98055356136946,40.685818748152926
Hunters Helping the Hungry,Huntershelpingthehungry.org,info@huntershelpingthehungry.org,-74.86900528379358,40.58877079902933
City Parks Foundation,cityparksfoundation.org,education@cityparksfoundation.org,-73.97154585938179,40.767180631366365
National Lighthouse Museum,Lighthousemuseum.org,Info@lighthousemuseum.org,-74.07345123441162,40.640727260040016
Research Divers,researchdivers.org,diveritter1@aol.com,-73.78356962139418,40.737456930590746
Rockaway Bay Coastal Association,,,-73.80035772375214,40.599003259039876
Connecting.nyc Inc.,connecting.nyc,,-73.89066358654014,40.749857732377514
Queens County Bird Club,qcbirdclub.org,,-73.7533636290278,40.76270212487024
The Cornucopia Society,None at this time,herr281761@aol.com,-73.78220192758289,40.64682344853705
Bryant Park Corporation / 34th Street Partnership,bryantpark.org / 34thstreet.org,,-73.98531005597644,40.753905834770464
Alfred E. Smith Resident Association,,ALFREDESMITHRA.2010@gmail.com,-73.9987365538176,40.710725443750455
"The Forest Park Trust, In and The Forest & Highland Park Administration",forestparktrust.org,,-73.86639869683032,40.69600554222578
PortSide New York,portsidenewyork.org  AND e-museum & community guide redhookwaterstories.org,chiclet@portsidenewyork.org,-74.01231875090946,40.67971215056447
New York-New Jersey Trail Conference,nynjtc.org,info@nynjtc.org,-74.1843385713847,41.07960737816921
Urban Health Plan. Inc - Plaza Del Sol Family Health Center,urbanhealthplan.org,helne.arteaga@urbanhealthplan.org,-73.8578440972097,40.74954153139601
Surfside Garden Multi-Cultural Coalition,,parsoneve@gmail.com,-73.99082726478022,40.577356269426176
"Roxy's Sanctuary Inc., d/ba Spay Neuter Intervention SNIP",,SNIPNYC@aol.com,-73.89976238388533,40.733852136065344
Ponderosa Garden,,,-73.95641856686078,40.71311254192939
P 721X,,jkottkamp@schools.nyc.gov,-73.83887249703865,40.842713412467845
Pocono Environmental Education Center,peec.org,peec@peec.org,-74.91142563196482,41.19074238300426
New York Mycological Society,NewYorkMYC.org,Pabloski1@verizon.net,-73.94964266484895,40.783817827709676
Bronx River Alliance,bronxriver.org/,info@bronxriver.org,-73.8702518872787,40.84740041261951
Cornell Cooperative Extension Assn of Rockland County,rocklandcce.org,rockland@cornell.edu,-74.0269486131536,41.22328504530885
Lower Saucon Church Cemetery Association,None,None,-75.33709883447062,40.58835601625358
"Milford Marine Institute And Wildlife Program Center, Inc.",Yes,,-73.03249663340277,41.22018421045083
Regional Plan Association,rpa.org,,-74.0131637492646,40.703778945409525
Cornell Cooperative Extension of Ulster County,ulster.cce.cornell.edu,ulster@cornell.edu,-74.01725217094089,41.93745040817844
Pocono Wildlife Rehabilitation and Education Center,poconowildlife.org,pocowild@ptd.net,-75.21862844201078,41.056868920210725
9th District FGCNYS,,,-73.8191830971535,40.94746209148874
"Drive Change, Inc.",drivechangenyc.org,accounts@drivechangenyc.org,-73.94811117103974,40.69988704403382
PS 98M School,,annecatherine.mauk@gmail.com,-73.91770327091714,40.86781951016559
Pomonok Houses Resident Green Committee,Nycha resident green committee,Pazore60@gmail.com,-73.81102911210685,40.73415883273099
E. 34 St. Block Association,,,-73.94399047582563,40.63630385688647
Friends of Tribeca Park,,friendsoftribecapark@gmail.com,-74.00572715064416,40.72051714171679
"West 70th Street Neighborhood Association, Inc.",,Contact@w70th.nyc,-73.97788205681924,40.77506403028347
"Friends of Abandoned Cemeteries, Inc.",americantowns.com/ny/statenisland/organization/friends-of-abandoned-cemeteries-inc-s-i,,-74.11708962045279,40.629605063873136
Yantacaw Brook Park Conservancy,YantacawBrookParkConservancy.org,info@YantacawBrookParkConservancy.org,-73.89389858448428,40.75306473147925
Los Colibries Community Garden,facebook.com/jardin34/,loscolibries34@gmail.com,-74.001714555892,40.654777754486894
JH Scraps,,jhscraps@jhbg.org,-73.8964497838758,40.74978243262878
Isabahlia Ladies of Elegance Foundation,,,-73.9142135830772,40.66684474895754
Cornerstone Christian Ministries,ccmworldwide.com,,-74.11704692093655,40.633802662589346
Tottenville Historical Society / Tottenville Improvement Council,tottenvillehistory.com,info@tottenvillehistory.com,-74.2381583884719,40.53683378664554
"Allied Productions, Inc. / Le Petit Versailles",AlliedProductions.org,info@alliedproductions.org,-73.98170105935219,40.72109454094062
"Ferncliff Forest, Inc.",ferncliffforest.org,info@ferncliffforest.org,-73.92454600003464,41.95610570116804
"Ayres/Knuth Farm Foundation, Inc.",Ayresknuth.org,info@ayresknuth.org,-74.50227978269325,40.86689853132563
The Paulinskill Valley Trail Committee,PVTC-KVSP.org,mgmarty@aol.com,-74.82905377980616,40.85397964502315
Musconetcong Watershed Association,musconetcong.org,info@musconetcong.org,-75.01011033238152,40.69562208311955
"Croton Arboretum and Sanctuary, Inc.",crotonarboretum.org,,-73.88656195989513,41.20843344296098
CT Grounds Keepers Association,cgka.or,info@cgka.org,-73.0287197316557,41.27311590007594
The Old Stone House,theoldstonehouse.org,oldstonehouse@verizon.net,-73.98460086055475,40.67298025053809
Clayton Williams Community Garden,manhattanlandtrust.org,Clayton Williams Community Garden,-73.95097516357195,40.81097692259168
Sunnyside Shines Business Improvement District,sunnysideshines.org,director@sunnysideshines.org,-73.92211207684534,40.74174733488185
"Downtown Boathouse, Inc.",downtownboathouse.org,board@downtownboathouse.org,-74.01287254916559,40.72129364203763
Fund For A Better Waterfront,BetterWaterfront.org,FBW@BetterWaterFront.org,-74.0353339402907,40.73646134043062
"Orange Environment, Inc.",orangeenvironment.com,,-74.32714100517184,41.40161232120559
"The Madoo Conservancy, Inc.",madoo.org,info@madoo.org,-72.27892309457802,40.92420564342523
"New Canaan Land Conservancy Trust, Inc.",newcanaanlandtrust.org,info@newcanaanlandtrust.org,-73.48967478971558,41.17395253520149
"LaGuardia Corner Gardens, Inc.",laguardiacornergarden.org/wp/                      and              facebook.com/LaGuardia-Corner-Gardens-180960430826/,LGCgardens@gmail.com,-73.99903535303307,40.72773324028372
Operation Splash,operationsplash.org,,-73.58231339153659,40.6347595437858
South Mountain Conservancy,somocon.org,info@somocon.org,-74.28845475807901,40.76249324366016
Kent Land Trust,kentlandtrust.org,,-73.49729685474574,41.69447163560701
"Coastal Research and Education Society of Long Island, Inc.",cresli.org,None,-73.10250244068845,40.73254520824664
"Kissena Park Civic Association, Inc.",facebook.com/groups/550875744953839/,kpcafny@aol.co,-73.81364591112599,40.75363922867834
Edible Schoolyard NYC,edibleschoolyardnyc.org,,-73.98699605788086,40.704079544213066
Jackson Heights Green Alliance,jhgreen.org,info@jhgreen.org,-73.88892388666711,40.754317731741054
Bayshore Regional Watershed Council,restoreraritanbay.org,bayshorewatershed@comcast.net,-74.2040825052862,40.436485804453326
"Swim Strong Foundation, Inc.",swimstrongfoundation.org/,shawn.slevin@swimstrongfoundation.org,-73.83765620300089,40.751771829754404
Friends of Liberty State Park,folsp.org,pesinliberty@earthlink.net,-74.05371763711369,40.70307164737191
Highstead Foundation,highstead.org,,-73.3877130131044,41.324743402565026
APCO - Addisleigh Park Civic Organization,Facebook,apcohousing@gmail.com,-73.77802912578986,40.692370739689125
Flushing Meadows-Corona Park Conservancy,fmcpc.org,jeanfmcpc@gmail.com,-73.8407836028444,40.73970533254858
South Shore Audubon Society,ssaudubon.org,www.ssaudubon.org/contact-us.asp,-73.58675268910652,40.65355104096772
Rockaway Civic Association,RockawayCivic.com,admin@RockawayCivic.com,-73.84153261242396,40.577459764387285
"Three Lakes Council, Inc.",threelakescouncil.org,threelakescouncil@gmail.com,-73.5523835636027,41.272856518549425
East Hampton Group for Wildlife,ehgw.org,billcrain@aol.com,-71.95451379361906,41.03592691096181
West Islip Beautification Society,westislipbeautification.org,westislipbeautification@gmail.com,-73.3064991769069,40.697227122129036
Friends of Anderson Park,FriendsOfAndersonPark.com,Montclairtrees@aol.com,-74.21007217831821,40.8414115258675
Bergen Save the Watershed Action Network (Bergen SWAN),bergenswan.org,bergenswan@sprynet.com,-74.02200072829531,41.00050628786987
Fareground Commuity Kitchen,fareground.org,fareground@gmail.com,-73.97387451337956,41.49605759011777
Protectors of Pine Oak Woods,siprotectors.org/,ppow@siprotectors.org,-74.18271040230462,40.5952063725614
"SaveKitty Foundation, Inc.",savekitty.org,,-73.71540004441313,40.724362430764074
"City Island Civic Association, Inc.",W,City.island.civic@gmail.com,-73.78441761463824,40.84717760979799
"Bethlehem Land Trust, Inc.",,,-73.2087807517655,41.640364135942214
"Stuyvesant Park Neighborhood Association, Inc.",spnanyc.org,INFO@SPNANYC.ORG,-73.98410335720702,40.73393823861032
Harwinton Land Trust,harwintonlandtrust.org,N/A,-73.05970309054729,41.79252010102397
Putnam Valley Residents Coalition Corp.,Putnamvalleyresidents.com,putnamvalleyresidentscoalition@yahoo.com,-73.84913386318746,41.342347515712376
"Yonkers Land Conservancy, Inc.",YonkersLandConsrevancy.org,,-73.89874547229996,40.93120159674822
"Ramapough Conservancy, Inc.",,judithjoansullivan@gmail.com,-74.26431274973709,41.01314459456778
"Tewksbury Land Trust, a NJ Not For Profit Corp.",tewksburylandtrust.org,tewksburylandtrust@gmail.com,-74.74922701652861,40.672613678354196
Surfrider Foundation NYC,nyc.surfrider.org/,chair@nyc.surfrider.org,-73.97489425871204,40.75313093498191
Rondout-Esopus Land Conservancy,RELANDCONSERVANCY.org,,-74.22903501194057,41.78564044394956
Southampton Trails Preservation Society,southamptontrails.org,info@southamptontrails.org,-72.38530666267593,40.88735975411879
"New Canaan Land Conservancy Trust, Inc.",newcanaanlandtrust.org,info@newcanaanlandtrust.org,-73.49484318971054,41.14675464067343
West 80s Neighborhood Association,west80s.org and loveyourstreettreeday.com,,-73.97860885539876,40.78416152865577
"Plymouth Land Trust, Inc.",Plymouthlandtrust.org,info@plymouthlandtrust.org,-73.0464297025209,41.660010326520236
Norwalk River Watershed Association,norwalkriver.org,info@norwalkriver.org,-73.3876387203109,41.21155162515732
Ecological Culture Initiative,eking.org,info@eciny.org,-72.5077950240954,40.8584725640326
Duckett Oakland Lake Meadow Group,,,-73.80681889973124,40.96048738851399
Activate Our Garden,,ps32qstatestreetgarden@sfly.com,-73.79425271591917,40.76520102554134
New York Open Water,nyopenwater.org,info@nyopenwater.org,-73.95214756314121,40.805506023424925
SNAP to Grow Urban Farm,snaptogrow.com,snaptogrow@gmail.com,-73.99039336395654,40.59068416685954
M'finda Kalunga Garden,mkgarden.org/,mkgarden@googlegroups.co,-73.99222985550088,40.7203798412312
Sutton Place Parks Conservancy,SuttonPlaceParks.org,info@SuttonPlaceParks.or,-73.96287496209442,40.758021233004825
Staten Island OutLOUD,statenislandoutloud.org,,-74.08526863027768,40.64793045866762
Hamilton Co-ops,,,-73.98033856356135,40.64925585559106
PS 48 South Bronx Schoolyard Garden and Outdoor Classroom (SBxSGOC),sci-wiki-tific.wikispaces.com/Gardening,mrczarka@gmail.com,-73.88688758398126,40.81421991974129
St. Paul's at Carroll Street - St. Francis Guild,stpaulscarrollst.org/about-us/,nfo@stpaulscarrollst.org,-73.99808335607993,40.68170994983612
Children's Garden at Campos,blog.nycfoodscape.com,nycfoodscape@gmail.com,-73.98020075890302,40.73118353916684
NYC Parks Computer Resource Centers,gardenkitchenlab.wordpress.com/,crc@parks.nyc.gov,-73.93492447609452,40.673916349124575
LaGuardia Corner Gardens,LaGuardiacornergarden.or,LaGuardiacornergardens@gmail.com,-73.99354215476534,40.73005984022162
Conservation Club,,mikeashk@hotmail.com,-73.92236268168524,40.64817805356414
IN-TECH Academy,in-techacademy.org,,-73.91129387166238,40.87906800730897
Friends of MacDonald Park,,smelnick718@gmail.com,-73.8372643048193,40.719829436503616
The American Chestnut Foundation,acf.org,,-82.57635813087543,35.64193979590752
Grupo Juego y Lectura de Sunset Park,facebook.com/GrupoJuegoyLecturadeSunsetPark,grupojuegoylectura@gmail.com,-74.02016455112498,40.63848465891269
Society for Conservation GIS - NY/NJ Chapter,scgis.org/chapters/pages/new-york-and-new-jersey,alina@soranatarmu.com,-74.03839913822583,40.766499734384865
"North Shore Waterfront Conservancy of Staten Island, Inc.",sinorthshoreresilience.org,nswcsi@nswcsi.org,-74.10057182592364,40.629873462995405
Stanton Street CSA,stantonstreetcsa.wordpress.com,stantonstreetcsa@gmail.com,-73.9914815552946,40.72102454176304
NYC Small Business Services,nyc.gov/nycbusiness,,-74.00682895162794,40.70877734418952
Conservation Club,,mikeashk@hotmail.com,-73.92236268168524,40.64817805356414
Van Duzer Street Civic Association,,vanduzercivic@gmail.com,-74.10323312473636,40.638875561763314
North Channel Yacht Club,,,-73.81891361768709,40.60059035875176
Upper Green Side,thisweekatthemarket.wordpress.com/,uppergreenside@gmail.com,-73.96015836317709,40.7616651322021
Monarch Waystations,,,-73.91765597009106,40.86788401009262
NYC H2O,nych2o.org,info@nych2o.org,-73.98006305865864,40.72749604017614
NYLaughs.org,nylaughs.org and laughterinthepark.org,nylaughs@gmail.com,-73.9987480517955,40.741180838047754
Brooklyn Grange,BrooklynGrangeFarm.com,,-73.92541777468777,40.75191613284872
Farming Concrete,farmingconcrete.org/,,-74.00701755051465,40.717094642751945
Bronx Children's Museum,bronxchildrensmuseum.org,nicole@bronxchildrensmuseum.org,-73.93162056872542,40.82341071909806
Empire Clean Cities,empirecleancities.org,info@empirecleancities.org,-73.78294691115748,40.91146859682859
Lower East Side Ecology Center,lesecologycenter.org,info@lesecologycenter.org,-73.97612806154272,40.71277864283847
Tribeca Trust,tribecatrust.org,volunteer@tribecatrust.org,-74.00878545003958,40.71348814387422
Federated Blocks of Laurelton,federatedblocksoflaurelton.org,info@federatedblocksoflaurelton.org,-73.73725733993483,40.67479934171285
Prospect Heights Community Farm,phcfarm.com,,-73.96761996530178,40.678101848813256
Made in Brownsville,madeinbrownsville.org,Contact@madeinbrownsville.org,-73.90877058570561,40.66886974910289
Friends of Straus Park,fospark.com,fospark@gmail.com,-73.96818555832817,40.801839524934564
4heads / Governors Island Art Fair,4heads.org,,-74.01780704914303,40.690324248235314
New York State Urban Forestry Council,nysufc.org,nysufc@gmail.com,-77.61519249876675,42.90726898507999
Little Neck Douglaston Lions Club,,NANCY49611@AOL.COM,-73.74530773134688,40.77422862274031
Sunnyside CSA,sunnysidecsa.com,veggies@sunnysidecsa.com,-73.92559447487177,40.74508613420997
"Volunteers for Springfield Park, Inc.",volunteersforspringfieldpark.org,Volunteersforspringfieldpark@gmail.com,-73.76119873342915,40.66298924445729
East 222nd Street Block Association,neighborhoodlink.com/E_222nd,222blk@gmail.com,-73.8490029919446,40.881538505040226
Gowanus Dredgers Canoe Club,gowanuscanal.org,gdredgers@gmail.com,-73.99007105854683,40.67704124996383
Prime Paddlesports,primepaddlesports.com,info@primepaddlesports.com,-73.95458152430449,41.420085304747104
Oceanport Water Watch,,,-74.02839516837032,40.314357822709276
WeRadiate,weradiate.com,,-73.92798107859407,40.68506164588212
Recycleday Morning,facebook.com/recycleday,recycledaymorning@gmail.com,-73.9212843687983,40.872136909013186
"Friends of Stryker Park, Inc.",strykerpark.org,strykerpark@icloud.com,-73.96926895878812,40.79447832620118
Astoria 5,,astoria5treecare@gmail.com,-73.91099627916992,40.76336433034578
"Elm Park Civic Association, Inc.",,elmparkcivic@yahoo.com,-74.140451812705,40.634629563691256
Stable Brooklyn Community Group,Stablebrooklyn.com,Stablebrooklyn@yahoogroups.co,-73.97334496562544,40.649770055005824
Climate and Urban Systems Partnership,cuspproject.org/,,-73.85166459894536,40.74714273119763
Owl's Head Park Horticulture Group,facebook.com/owlsheadvolunteers,owlsheadvolunteer@earthlink.net,-74.01824895216365,40.63440955954457
Friends of Colonel Young Park/Malcolm X Community Improvement Association,,jikey@aol.com,-73.9624312598166,40.8138829223989
"Friends of Wingate Park, Inc.",friendsofwingatepark.org,friendsofwingatepark@gmail.com,-73.94453137486477,40.65895235222073
Turnstile Tours,turnstiletours.com,info@turnstiletours.com,-73.9734378630438,40.69820444573071
Freinds of the East Springfield Playground,nycgovparks.org/parks/east-springfield-playground,,-73.74015343782419,40.69849793692295
Concerned Seniors of Roy Wilkins Park/ Roy Wilkins Park Pickleball club,,,-73.76942452826599,40.68702964075259
Riverkeeper,riverkeeper.org,info@riverkeeper.org,-73.86861656845103,41.15743165198219
Jamaica Bay-Rockaway Parks Conservancy,jbrpc.org,info@jbrpc.org,-73.83722231335022,40.57977806802173
NY/NJ Baykeeper,nynjbaykeeper.org,info@nynjbaykeeper.org,-74.23495329696367,40.40963221016731
Partnerships for Parks,"cityparksfoundation.org/about-partnerships-for-parks/
","info@cityparksfoundation.org; queshawnda.pou@parks.nyc.gov
",-74.00353335197516,40.71025234656722
